context number,rate
1,0.4534282
2,0.2065715
3,0.20648455
4,0.2064821
5,0.20648217
6,0.20648217
7,0.20648217
8,0.20648217
9,0.20648217
10,0.20648217
11,0.20648217
12,0.20648217
13,0.20648217
14,0.20648217
15,0.20648217
16,0.20648217
17,0.20648217
18,0.20648217
19,0.20648217
20,0.20648217
21,0.20648217
22,0.20648217
23,0.20648217
24,0.20648217
25,0.20648217
26,0.20648217
27,0.20648217
28,0.20648217
29,0.20648217
30,0.20648217
31,0.20648217
32,0.20648217
33,0.20648217
34,0.20648217
35,0.20648217
36,0.20648217
37,0.20648217
38,0.20648217
39,0.20648217
40,0.20648217
41,0.20648217
42,0.20648217
43,0.20648217
44,0.20648217
45,0.20648217
46,0.20648217
47,0.20648217
48,0.20648217
49,0.20648217
50,0.20648217
51,0.20648217
52,0.20648217
53,0.20648217
54,0.20648217
55,0.20648217
56,0.20648217
57,0.20648217
58,0.20648217
59,0.20648217
60,0.20648217
61,0.20648217
62,0.20648217
63,0.20648217
64,0.20648217
65,0.20648217
66,0.20648217
67,0.20648217
68,0.20648217
69,0.20648217
70,0.20648217
71,0.20648217
72,0.20648217
73,0.20648217
74,0.20648217
75,0.20648217
76,0.20648217
77,0.20648217
78,0.20648217
79,0.20648217
80,0.20648217
81,0.20648217
82,0.20648217
83,0.20648217
84,0.20648217
85,0.20648217
86,0.20648217
87,0.20648217
88,0.20648217
89,0.20648217
90,0.20648217
91,0.20648217
92,0.20648217
93,0.20648217
94,0.20648217
95,0.20648217
96,0.20648217
97,0.20648217
98,0.20648217
99,0.20648217
100,0.20648217
101,0.20648217
102,0.20648217
103,0.20648217
104,0.20648217
105,0.20648217
106,0.20648217
107,0.20648217
108,0.20648217
109,0.20648217
110,0.20648217
111,0.20648217
112,0.20648217
113,0.20648217
114,0.20648217
115,0.20648217
116,0.20648217
117,0.20648217
118,0.20648217
119,0.20648217
120,0.20648217
121,0.20648217
122,0.20648217
123,0.20648217
124,0.20648217
125,0.20648217
126,0.20648217
127,0.20648217
128,0.20648217
129,0.20648217
130,0.20648217
131,0.20648217
132,0.20648217
133,0.20648217
134,0.20648217
135,0.20648217
136,0.20648217
137,0.20648217
138,0.20648217
139,0.20648217
140,0.20648217
141,0.20648217
142,0.20648217
143,0.20648217
144,0.20648217
145,0.20648217
146,0.20648217
147,0.20648217
148,0.20648217
149,0.20648217
150,0.20648217
151,0.20648217
152,0.20648217
153,0.20648217
154,0.20648217
155,0.20648217
156,0.20648217
157,0.20648217
158,0.20648217
159,0.20648217
160,0.20648217
161,0.20648217
162,0.20648217
163,0.20648217
164,0.20648217
165,0.20648217
166,0.20648217
167,0.20648217
168,0.20648217
169,0.20648217
170,0.20648217
171,0.20648217
172,0.20648217
173,0.20648217
174,0.20648217
175,0.20648217
176,0.20648217
177,0.20648217
178,0.20648217
179,0.20648217
180,0.20648217
181,0.20648217
182,0.20648217
183,0.20648217
184,0.20648217
185,0.20648217
186,0.20648217
187,0.20648217
188,0.20648217
189,0.20648217
190,0.20648217
191,0.20648217
192,0.20648217
193,0.20648217
194,0.20648217
195,0.20648217
196,0.20648217
197,0.20648217
198,0.20648217
199,0.20648217
200,0.20648217
201,0.20648217
202,0.20648217
203,0.20648217
204,0.20648217
205,0.20648217
206,0.20648217
207,0.20648217
208,0.20648217
209,0.20648217
210,0.20648217
211,0.20648217
212,0.20648217
213,0.20648217
214,0.20648217
215,0.20648217
216,0.20648217
217,0.20648217
218,0.20648217
219,0.20648217
220,0.20648217
221,0.20648217
222,0.20648217
223,0.20648217
224,0.20648217
225,0.20648217
226,0.20648217
227,0.20648217
228,0.20648217
229,0.20648217
230,0.20648217
231,0.20648217
232,0.20648217
233,0.20648217
234,0.20648217
235,0.20648217
236,0.20648217
237,0.20648217
238,0.20648217
239,0.20648217
240,0.20648217
241,0.20648217
242,0.20648217
243,0.20648217
244,0.20648217
245,0.20648217
246,0.20648217
247,0.20648217
248,0.20648217
249,0.20648217
250,0.20648217
251,0.20648217
252,0.20648217
253,0.20648217
254,0.20648217
255,0.20648217
256,0.20648217
257,0.20648217
258,0.20648217
259,0.20648217
260,0.20648217
261,0.20648217
262,0.20648217
263,0.20648217
264,0.20648217
265,0.20648217
266,0.20648217
267,0.20648217
268,0.20648217
269,0.20648217
270,0.20648217
271,0.20648217
272,0.20648217
273,0.20648217
274,0.20648217
275,0.20648217
276,0.20648217
277,0.20648217
278,0.20648217
279,0.20648217
280,0.20648217
281,0.20648217
282,0.20648217
283,0.20648217
284,0.20648217
285,0.20648217
286,0.20648217
287,0.20648217
288,0.20648217
289,0.20648217
290,0.20648217
291,0.20648217
292,0.20648217
293,0.20648217
294,0.20648217
295,0.20648217
296,0.20648217
297,0.20648217
298,0.20648217
299,0.20648217
300,0.20648217
301,0.20648217
302,0.20648217
303,0.20648217
304,0.20648217
305,0.20648217
306,0.20648217
307,0.20648217
308,0.20648217
309,0.20648217
310,0.20648217
311,0.20648217
312,0.20648217
313,0.20648217
314,0.20648217
315,0.20648217
316,0.20648217
317,0.20648217
318,0.20648217
319,0.20648217
320,0.20648217
321,0.20648217
322,0.20648217
323,0.20648217
324,0.20648217
325,0.20648217
326,0.20648217
327,0.20648217
328,0.20648217
329,0.20648217
330,0.20648217
331,0.20648217
332,0.20648217
333,0.20648217
334,0.20648217
335,0.20648217
336,0.20648217
337,0.20648217
338,0.20648217
339,0.20648217
340,0.20648217
341,0.20648217
342,0.20648217
343,0.20648217
344,0.20648217
345,0.20648217
346,0.20648217
347,0.20648217
348,0.20648217
349,0.20648217
350,0.20648217
351,0.20648217
352,0.20648217
353,0.20648217
354,0.20648217
355,0.20648217
356,0.20648217
357,0.20648217
358,0.20648217
359,0.20648217
360,0.20648217
361,0.20648217
362,0.20648217
363,0.20648217
364,0.20648217
365,0.20648217
366,0.20648217
367,0.20648217
368,0.20648217
369,0.20648217
370,0.20648217
371,0.20648217
372,0.20648217
373,0.20648217
374,0.20648217
375,0.20648217
376,0.20648217
377,0.20648217
378,0.20648217
379,0.20648217
380,0.20648217
381,0.20648217
382,0.20648217
383,0.20648217
384,0.20648217
385,0.20648217
386,0.20648217
387,0.20648217
388,0.20648217
389,0.20648217
390,0.20648217
391,0.20648217
392,0.20648217
393,0.20648217
394,0.20648217
395,0.20648217
396,0.20648217
397,0.20648217
398,0.20648217
399,0.20648217
400,0.20648217
401,0.20648217
402,0.20648217
403,0.20648217
404,0.20648217
405,0.20648217
406,0.20648217
407,0.20648217
408,0.20648217
409,0.20648217
410,0.20648217
411,0.20648217
412,0.20648217
413,0.20648217
414,0.20648217
415,0.20648217
416,0.20648217
417,0.20648217
418,0.20648217
419,0.20648217
420,0.20648217
421,0.20648217
422,0.20648217
423,0.20648217
424,0.20648217
425,0.20648217
426,0.20648217
427,0.20648217
428,0.20648217
429,0.20648217
430,0.20648217
431,0.20648217
432,0.20648217
433,0.20648217
434,0.20648217
435,0.20648217
436,0.20648217
437,0.20648217
438,0.20648217
439,0.20648217
440,0.20648217
441,0.20648217
442,0.20648217
443,0.20648217
444,0.20648217
445,0.20648217
446,0.20648217
447,0.20648217
448,0.20648217
449,0.20648217
450,0.20648217
451,0.206466
452,0.16350084
453,0.1596305
454,0.1591179
455,0.15889495
456,0.15871983
457,0.15861314
458,0.15855556
459,0.1585291
460,0.15851956
461,0.1585143
462,0.15851247
463,0.1585117
464,0.15851134
465,0.15850895
466,0.1585076
467,0.15850687
468,0.1585009
469,0.15849846
470,0.1584958
471,0.15849494
472,0.15849465
473,0.1584932
474,0.1584927
475,0.1584817
476,0.1584777
477,0.15847635
478,0.158476
479,0.158476
480,0.158476
481,0.15847545
482,0.1584753
483,0.1584751
484,0.15847337
485,0.1584728
486,0.1584725
487,0.1584725
488,0.1584717
489,0.1584716
490,0.15847134
491,0.15847134
492,0.1584665
493,0.1584665
494,0.1584665
495,0.1584665
496,0.1584665
497,0.1584665
498,0.1584665
499,0.1584665
500,0.1584665
501,0.1584665
502,0.1584665
503,0.1584665
504,0.1584665
505,0.1584665
506,0.1584665
507,0.1584665
508,0.1584665
509,0.1584665
510,0.1584665
511,0.1584665
512,0.1584665
513,0.1584665
514,0.1584665
515,0.1584665
516,0.1584665
517,0.1584665
518,0.1584665
519,0.1584665
520,0.1584665
521,0.1584665
522,0.1584665
523,0.1584665
524,0.1584665
525,0.1584665
526,0.1584665
527,0.1584665
528,0.1584665
529,0.1584643
530,0.15846383
531,0.15846383
532,0.1584638
533,0.1584638
534,0.1584634
535,0.1584626
536,0.1584622
537,0.15846204
538,0.15842044
539,0.1583959
540,0.15838265
541,0.15837794
542,0.15837794
543,0.15837794
544,0.15837794
545,0.15837794
546,0.15837794
547,0.15837794
548,0.15837794
549,0.15837794
550,0.15837794
551,0.15837794
552,0.15837794
553,0.15837794
554,0.15837794
555,0.15837794
556,0.15837794
557,0.15837794
558,0.15837794
559,0.15837794
560,0.15837794
561,0.15837794
562,0.15837794
563,0.15837794
564,0.15837794
565,0.15837794
566,0.15837794
567,0.15837794
568,0.15837794
569,0.15837794
570,0.1583765
571,0.1583761
572,0.1583758
573,0.1583758
574,0.15837496
575,0.15837484
576,0.15836894
577,0.1583658
578,0.15836405
579,0.1583631
580,0.15835976
581,0.1583584
582,0.1583581
583,0.1583574
584,0.1583571
585,0.1583571
586,0.15835565
587,0.15835535
588,0.1583553
589,0.1583553
590,0.1583404
591,0.15833353
592,0.1583299
593,0.1583285
594,0.1583278
595,0.158324
596,0.15832245
597,0.1583218
598,0.15831375
599,0.15831005
600,0.1583086
601,0.1583082
602,0.158308
603,0.1583079
604,0.1583061
605,0.1583053
606,0.1583006
607,0.1582985
608,0.1582721
609,0.15826165
610,0.1582563
611,0.1582546
612,0.15825396
613,0.15825366
614,0.1582528
615,0.15825235
616,0.15825235
617,0.1582522
618,0.15825015
619,0.1582493
620,0.158249
621,0.158249
622,0.1582486
623,0.1582484
624,0.1582472
625,0.158241
626,0.1582381
627,0.1582368
628,0.158236
629,0.1582359
630,0.1582345
631,0.1582342
632,0.1582311
633,0.1582291
634,0.15821677
635,0.15821087
636,0.1582086
637,0.1582075
638,0.15820604
639,0.1582031
640,0.1582026
641,0.1582023
642,0.1582007
643,0.15819025
644,0.15818595
645,0.1581841
646,0.15818303
647,0.15818035
648,0.15817964
649,0.15817934
650,0.158175
651,0.1581725
652,0.1581714
653,0.15817
654,0.15810996
655,0.1580699
656,0.15805256
657,0.15804606
658,0.15804606
659,0.15804606
660,0.15804606
661,0.15804606
662,0.15804606
663,0.15804606
664,0.15804606
665,0.15804606
666,0.15804606
667,0.15804606
668,0.15804606
669,0.15804606
670,0.15804606
671,0.15804606
672,0.15804606
673,0.15804606
674,0.15804606
675,0.15804606
676,0.15804606
677,0.15804606
678,0.15804606
679,0.15804606
680,0.15804606
681,0.15804606
682,0.15804606
683,0.15804606
684,0.15804606
685,0.15804606
686,0.15804606
687,0.15804606
688,0.15804606
689,0.15804606
690,0.15804606
691,0.15804606
692,0.15804606
693,0.15804606
694,0.15804606
695,0.15804606
696,0.15804326
697,0.15804237
698,0.1580421
699,0.1580421
700,0.1580407
701,0.1580407
702,0.1580407
703,0.15804064
704,0.15804064
705,0.15804064
706,0.15804064
707,0.1580406
708,0.1580406
709,0.1580403
710,0.1580401
711,0.1580401
712,0.15803074
713,0.1580271
714,0.15802514
715,0.1580244
716,0.1580243
717,0.15802407
718,0.1580239
719,0.1580231
720,0.1580228
721,0.15802276
722,0.15802276
723,0.1580189
724,0.1580173
725,0.1580155
726,0.1580148
727,0.1580147
728,0.1580134
729,0.1579929
730,0.15798324
731,0.157979
732,0.15797704
733,0.1579763
734,0.1579714
735,0.15796965
736,0.1579692
737,0.1579692
738,0.1579678
739,0.1579675
740,0.1579675
741,0.15796685
742,0.15796685
743,0.15796405
744,0.15795403
745,0.1579498
746,0.15794867
747,0.1579483
748,0.1579478
749,0.1579458
750,0.15794533
751,0.1579441
752,0.1579437
753,0.15794354
754,0.1579432
755,0.157943
756,0.15793794
757,0.15793627
758,0.15793544
759,0.15793514
760,0.15793514
761,0.157934
762,0.15793114
763,0.1579305
764,0.1579302
765,0.1578799
766,0.15785855
767,0.157847
768,0.1578413
769,0.1578391
770,0.15783834
771,0.15783745
772,0.1578346
773,0.15782684
774,0.1578234
775,0.1578218
776,0.15782123
777,0.1578211
778,0.157819
779,0.15781533
780,0.1578134
781,0.15781235
782,0.1577954
783,0.15778714
784,0.15778374
785,0.1577825
786,0.1577822
787,0.15778213
788,0.15778213
789,0.1577817
790,0.15778154
791,0.1577798
792,0.15777885
793,0.15777885
794,0.15777885
795,0.1577748
796,0.157773
797,0.15777194
798,0.15777003
799,0.15776133
800,0.1577582
801,0.157757
802,0.15775674
803,0.1577566
804,0.15775465
805,0.15775465
806,0.1577546
807,0.1577546
808,0.1577546
809,0.1577503
810,0.1577486
811,0.1577479
812,0.15774583
813,0.15774506
814,0.1577439
815,0.15772116
816,0.1577141
817,0.1577141
818,0.1577141
819,0.1577141
820,0.1577141
821,0.1577141
822,0.1577141
823,0.1577141
824,0.1577141
825,0.1577141
826,0.1577141
827,0.1577141
828,0.1577141
829,0.1577141
830,0.1577141
831,0.1577141
832,0.1577141
833,0.1577141
834,0.1577141
835,0.1577141
836,0.1577141
837,0.1577141
838,0.1577141
839,0.1577141
840,0.1577141
841,0.1577141
842,0.1577141
843,0.1577141
844,0.1577141
845,0.1577141
846,0.1577141
847,0.1577141
848,0.1577141
849,0.1577141
850,0.1577141
851,0.1577141
852,0.1577141
853,0.1577141
854,0.1577141
855,0.1577141
856,0.1577141
857,0.1577109
858,0.1577094
859,0.1577092
860,0.157709
861,0.15770864
862,0.1577085
863,0.1577069
864,0.15770655
865,0.1577064
866,0.1577054
867,0.1577051
868,0.157695
869,0.1576907
870,0.1576893
871,0.1576888
872,0.1576882
873,0.15768796
874,0.15768647
875,0.15768593
876,0.15768575
877,0.15768516
878,0.157685
879,0.1576799
880,0.15767776
881,0.15767705
882,0.15767675
883,0.15767675
884,0.15767556
885,0.1576752
886,0.1576747
887,0.1576747
888,0.15767234
889,0.15767157
890,0.15767145
891,0.15767097
892,0.15767097
893,0.15767
894,0.1576699
895,0.1575576
896,0.1574898
897,0.15744984
898,0.1574318
899,0.1574237
900,0.1574237
901,0.1574237
902,0.1574237
903,0.1574237
904,0.1574237
905,0.1574237
906,0.1574237
907,0.1574237
908,0.1574237
909,0.1574237
910,0.1574237
911,0.1574237
912,0.1574237
913,0.1574237
914,0.1574237
915,0.1574237
916,0.1574237
917,0.1574237
918,0.1574237
919,0.1574237
920,0.1574237
921,0.1574237
922,0.1574237
923,0.1574237
924,0.1574237
925,0.1574237
926,0.1574237
927,0.1574237
928,0.1574237
929,0.1574237
930,0.1574237
931,0.1574237
932,0.1574237
933,0.1574237
934,0.1574237
935,0.1574237
936,0.1574237
937,0.1574237
938,0.1574196
939,0.15741837
940,0.15741807
941,0.157418
942,0.157418
943,0.1574173
944,0.1574172
945,0.1574153
946,0.1574149
947,0.1574139
948,0.15741366
949,0.15741366
950,0.1574131
951,0.157402
952,0.1573973
953,0.15739566
954,0.1573951
955,0.15739494
956,0.1573938
957,0.1573935
958,0.15739035
959,0.1573889
960,0.15738856
961,0.1573884
962,0.1573828
963,0.1573804
964,0.1573797
965,0.15737885
966,0.1573785
967,0.15737813
968,0.1573756
969,0.15737473
970,0.1573743
971,0.1573513
972,0.1573393
973,0.15733325
974,0.157331
975,0.1573299
976,0.1573285
977,0.15732794
978,0.15732556
979,0.15732455
980,0.1573245
981,0.1573245
982,0.1573242
983,0.157323
984,0.15732246
985,0.15731585
986,0.1573126
987,0.15731054
988,0.1573069
989,0.1572935
990,0.1572873
991,0.15728443
992,0.15728276
993,0.15727883
994,0.15727126
995,0.1572685
996,0.1572672
997,0.1572656
998,0.157265
999,0.1572648
1000,0.15726405
1010,0.15715444
1020,0.15712770
1030,0.15707660
1040,0.15704490
1050,0.15702230
1060,0.15694410
1070,0.15691620
1080,0.15687835
1090,0.15684413
1100,0.15684115
1110,0.15670820
1120,0.15644460
1130,0.15641860
1140,0.15633684
1150,0.15630290
1160,0.15623920
1170,0.15618485
1180,0.15608070
1190,0.15601557
1200,0.15597873
1210,0.15591835
1220,0.15586600
1230,0.15583187
1240,0.15570200
1250,0.15566680
1260,0.15562593
1270,0.15554460
1280,0.15550310
1290,0.15548187
1300,0.15546560
1310,0.15536280
1320,0.15530526
1330,0.15525674
1340,0.15519696
1350,0.15514990
1360,0.15509830
1370,0.15484446
1380,0.15482530
1390,0.15479060
1400,0.15476673
1410,0.15465134
1420,0.15457390
1430,0.15451186
1440,0.15444450
1450,0.15437250
1460,0.15429866
1470,0.15422170
1480,0.15411680
1490,0.15402340
1500,0.15397670
1510,0.15394260
1520,0.15389730
1530,0.15380530
1540,0.15374710
1550,0.15367406
1560,0.15365240
1570,0.15359640
1580,0.15341440
1590,0.15336520
1600,0.15330195
1610,0.15327590
1620,0.15316160
1630,0.15312826
1640,0.15305910
1650,0.15302210
1660,0.15293997
1670,0.15287023
1680,0.15275970
1690,0.15266330
1700,0.15260845
1710,0.15252370
1720,0.15231220
1730,0.15226870
1740,0.15220296
1750,0.15212870
1760,0.15206897
1770,0.15202280
1780,0.15191790
1790,0.15189236
1800,0.15185320
1810,0.15184044
1820,0.15181650
1830,0.15168710
1840,0.15160405
1850,0.15155180
1860,0.15147400
1870,0.15134930
1880,0.15131960
1890,0.15127980
1900,0.15121270
1910,0.15116310
1920,0.15101580
1930,0.15094730
1940,0.15086250
1950,0.15080290
1960,0.15075623
1970,0.15068525
1980,0.15064764
1990,0.15057140
2000,0.15047204
2010,0.15031015
2020,0.15011830
2030,0.15003460
2040,0.14996236
2050,0.14990550
2060,0.14985250
2070,0.14976710
2080,0.14969104
2090,0.14964440
2100,0.14952570
2110,0.14950050
2120,0.14945270
2130,0.14941084
2140,0.14928390
2150,0.14925870
2160,0.14921456
2170,0.14916914
2180,0.14905420
2190,0.14897360
2200,0.14888130
2210,0.14878810
2220,0.14870935
2230,0.14860140
2240,0.14852330
2250,0.14844150
2260,0.14821670
2270,0.14818996
2280,0.14813700
2290,0.14808600
2300,0.14801560
2310,0.14794284
2320,0.14789640
2330,0.14774525
2340,0.14769320
2350,0.14760280
2360,0.14752584
2370,0.14742460
2380,0.14738106
2390,0.14731070
2400,0.14726567
2410,0.14717250
2420,0.14711034
2430,0.14702530
2440,0.14692610
2450,0.14688307
2460,0.14669800
2470,0.14668050
2480,0.14664350
2490,0.14661620
2500,0.14652620
2510,0.14650845
2520,0.14646846
2530,0.14639090
2540,0.14635145
2550,0.14628600
2560,0.14615170
2570,0.14605880
2580,0.14594680
2590,0.14585390
2600,0.14578276
2610,0.14565830
2620,0.14559674
2630,0.14550530
2640,0.14545565
2650,0.14535910
2660,0.14528200
2670,0.14490170
2680,0.14457940
2690,0.14450950
2700,0.14445190
2710,0.14439700
2720,0.14438970
2730,0.14433693
2740,0.14430980
2750,0.14420694
2760,0.14417450
2770,0.14413124
2780,0.14405110
2790,0.14401130
2800,0.14396350
2810,0.14391370
2820,0.14375490
2830,0.14363120
2840,0.14359000
2850,0.14356660
2860,0.14346545
2870,0.14340640
2880,0.14334595
2890,0.14327170
2900,0.14321804
2910,0.14314156
2920,0.14300507
2930,0.14295583
2940,0.14289610
2950,0.14285284
2960,0.14283060
2970,0.14281080
2980,0.14268845
2990,0.14262205
3000,0.14254680
3010,0.14249260
3020,0.14238020
3030,0.14232910
3040,0.14225960
3050,0.14215370
3060,0.14205470
3070,0.14200484
3080,0.14193290
3090,0.14174926
3100,0.14168685
3110,0.14163920
3120,0.14160460
3130,0.14148850
3140,0.14140343
3150,0.14134140
3160,0.14123463
3170,0.14118450
3180,0.14111626
3190,0.14106595
3200,0.14099586
3210,0.14081350
3220,0.14076510
3230,0.14073073
3240,0.14065283
3250,0.14059220
3260,0.14055037
3270,0.14043760
3280,0.14037220
3290,0.14029870
3300,0.14019970
3310,0.14010125
3320,0.14002630
3330,0.13986533
3340,0.13977783
3350,0.13969380
3360,0.13964300
3370,0.13952463
3380,0.13941854
3390,0.13933926
3400,0.13918876
3410,0.13913655
3420,0.13904450
3430,0.13896500
3440,0.13886170
3450,0.13879730
3460,0.13877840
3470,0.13869480
3480,0.13864260
3490,0.13854634
3500,0.13845340
3510,0.13824516
3520,0.13816520
3530,0.13807590
3540,0.13802540
3550,0.13792610
3560,0.13787280
3570,0.13774025
3580,0.13769610
3590,0.13762295
3600,0.13758530
3610,0.13753750
3620,0.13749897
3630,0.13741570
3640,0.13734480
3650,0.13725480
3660,0.13716710
3670,0.13700220
3680,0.13695925
3690,0.13693416
3700,0.13686020
3710,0.13683610
3720,0.13682190
3730,0.13677400
3740,0.13666325
3750,0.13662976
3760,0.13660090
3770,0.13656854
3780,0.13655906
3790,0.13652540
3800,0.13643810
3810,0.13641035
3820,0.13638540
3830,0.13632430
3840,0.13628860
3850,0.13625210
3860,0.13599973
3870,0.13592510
3880,0.13589596
3890,0.13583266
3900,0.13581890
3910,0.13579840
3920,0.13573426
3930,0.13568776
3940,0.13556087
3950,0.13551914
3960,0.13546300
3970,0.13541710
3980,0.13529455
3990,0.13525100
4000,0.13517150
4010,0.13511157
4020,0.13501830
4030,0.13497290
4040,0.13489264
4050,0.13482010
4060,0.13464990
4070,0.13459580
4080,0.13454390
4090,0.13452460
4100,0.13446070
4110,0.13443154
4120,0.13433680
4130,0.13420880
4140,0.13420057
4150,0.13418227
4160,0.13413790
4170,0.13412326
4180,0.13410055
4190,0.13408076
4200,0.13400036
4210,0.13396286
4220,0.13393735
4230,0.13387477
4240,0.13386905
4250,0.13383257
4260,0.13381670
4270,0.13358443
4280,0.13350445
4290,0.13345956
4300,0.13344160
4310,0.13334660
4320,0.13329360
4330,0.13322037
4340,0.13315010
4350,0.13302490
4360,0.13297440
4370,0.13289713
4380,0.13286620
4390,0.13274460
4400,0.13266986
4410,0.13258266
4420,0.13254050
4430,0.13245540
4440,0.13236590
4450,0.13225250
4460,0.13218337
4470,0.13209646
4480,0.13203770
4490,0.13193607
4500,0.13181394
4510,0.13166135
4520,0.13160530
4530,0.13152890
4540,0.13144990
4550,0.13140160
4560,0.13128890
4570,0.13121570
4580,0.13115230
4590,0.13110774
4600,0.13106340
4610,0.13095355
4620,0.13092920
4630,0.13091063
4640,0.13085633
4650,0.13082015
4660,0.13072560
4670,0.13064650
4680,0.13059720
4690,0.13049320
4700,0.13042914
4710,0.13039505
4720,0.13008207
4730,0.12995105
4740,0.12992190
4750,0.12990695
4760,0.12986910
4770,0.12985810
4780,0.12983316
4790,0.12974506
4800,0.12972690
4810,0.12969994
4820,0.12968736
4830,0.12965320
4840,0.12964000
4850,0.12964000
4860,0.12964000
4870,0.12964000
4880,0.12963060
4890,0.12960904
4900,0.12959690
4910,0.12957990
4920,0.12940030
4930,0.12936997
4940,0.12931030
4950,0.12929415
4960,0.12924940
4970,0.12922644
4980,0.12922644
4990,0.12922644
5000,0.12922096
5010,0.12920080
5020,0.12915210
5030,0.12913280
5040,0.12910010
5050,0.12898180
5060,0.12896280
5070,0.12893086
5080,0.12891226
5090,0.12886300
5100,0.12882465
5110,0.12880510
5120,0.12873154
5130,0.12870130
5140,0.12864375
5150,0.12861764
5160,0.12855520
5170,0.12828130
5180,0.12826670
5190,0.12824463
5200,0.12823850
5210,0.12817690
5220,0.12816697
5230,0.12815070
5240,0.12811535
5250,0.12809850
5260,0.12797120
5270,0.12797120
5280,0.12797120
5290,0.12797120
5300,0.12796400
5310,0.12792700
5320,0.12791925
5330,0.12786364
5340,0.12784034
5350,0.12781080
5360,0.12778870
5370,0.12777745
5380,0.12767976
5390,0.12766337
5400,0.12762284
5410,0.12759690
5420,0.12757503
5430,0.12752735
5440,0.12752030
5450,0.12752030
5460,0.12752030
5470,0.12751540
5480,0.12748580
5490,0.12747126
5500,0.12726380
5510,0.12721810
5520,0.12720460
5530,0.12712585
5540,0.12711480
5550,0.12709206
5560,0.12707900
5570,0.12701636
5580,0.12698940
5590,0.12689834
5600,0.12687960
5610,0.12684990
5620,0.12680030
5630,0.12676670
5640,0.12675184
5650,0.12672570
5660,0.12671140
5670,0.12668246
5680,0.12666990
5690,0.12651770
5700,0.12648290
5710,0.12645510
5720,0.12638574
5730,0.12636274
5740,0.12635046
5750,0.12630100
5760,0.12626720
5770,0.12616650
5780,0.12610310
5790,0.12608720
5800,0.12605977
5810,0.12597703
5820,0.12596170
5830,0.12594070
5840,0.12588650
5850,0.12584840
5860,0.12532650
5870,0.12512230
5880,0.12511175
5890,0.12506103
5900,0.12503710
5910,0.12502800
5920,0.12497985
5930,0.12486004
5940,0.12481730
5950,0.12477320
5960,0.12473154
5970,0.12466800
5980,0.12462860
5990,0.12460166
6000,0.12455640
6010,0.12452304
6020,0.12437520
6030,0.12426810
6040,0.12419190
6050,0.12411650
6060,0.12400966
6070,0.12391770
6080,0.12386000
6090,0.12378174
6100,0.12368947
6110,0.12363590
6120,0.12359690
6130,0.12353080
6140,0.12347530
6150,0.12343100
6160,0.12331366
6170,0.12323766
6180,0.12317290
6190,0.12312390
6200,0.12303210
6210,0.12298180
6220,0.12289416
6230,0.12285680
6240,0.12282085
6250,0.12279310
6260,0.12254870
6270,0.12252540
6280,0.12247043
6290,0.12243884
6300,0.12241900
6310,0.12233304
6320,0.12228620
6330,0.12225430
6340,0.12216347
6350,0.12208920
6360,0.12201420
6370,0.12184480
6380,0.12178754
6390,0.12170500
6400,0.12161710
6410,0.12156170
6420,0.12143750
6430,0.12134560
6440,0.12126326
6450,0.12119007
6460,0.12105137
6470,0.12100610
6480,0.12094510
6490,0.12090260
6500,0.12082120
6510,0.12078420
6520,0.12070673
6530,0.12064350
6540,0.12061160
6550,0.12037694
6560,0.12031480
6570,0.12024190
6580,0.12016920
6590,0.12014484
6600,0.12009483
6610,0.12004740
6620,0.11993560
6630,0.11991660
6640,0.11987453
6650,0.11985063
6660,0.11979460
6670,0.11974537
6680,0.11972033
6690,0.11954694
6700,0.11948620
6710,0.11943864
6720,0.11935985
6730,0.11934477
6740,0.11927324
6750,0.11921250
6760,0.11920120
6770,0.11914116
6780,0.11898010
6790,0.11895680
6800,0.11889946
6810,0.11881640
6820,0.11876857
6830,0.11871180
6840,0.11864763
6850,0.11853920
6860,0.11844750
6870,0.11835986
6880,0.11827430
6890,0.11818015
6900,0.11810344
6910,0.11803680
6920,0.11796400
6930,0.11789860
6940,0.11781483
6950,0.11770640
6960,0.11763780
6970,0.11755347
6980,0.11748930
6990,0.11723740
7000,0.11720440
7010,0.11719450
7020,0.11719450
7030,0.11719450
7040,0.11719450
7050,0.11718870
7060,0.11714360
7070,0.11713050
7080,0.11710210
7090,0.11708420
7100,0.11695730
7110,0.11691440
7120,0.11687190
7130,0.11683610
7140,0.11680704
7150,0.11672985
7160,0.11670190
7170,0.11662890
7180,0.11657250
7190,0.11633850
7200,0.11627630
7210,0.11619910
7220,0.11617046
7230,0.11612343
7240,0.11603224
7250,0.11598880
7260,0.11592250
7270,0.11587520
7280,0.11574950
7290,0.11569225
7300,0.11567110
7310,0.11563193
7320,0.11552005
7330,0.11548423
7340,0.11540960
7350,0.11532604
7360,0.11525780
7370,0.11524310
7380,0.11507850
7390,0.11504850
7400,0.11499714
7410,0.11495880
7420,0.11487543
7430,0.11483200
7440,0.11481016
7450,0.11474513
7460,0.11469150
7470,0.11452484
7480,0.11445564
7490,0.11439555
7500,0.11434460
7510,0.11423390
7520,0.11418026
7530,0.11410520
7540,0.11405265
7550,0.11392000
7560,0.11388600
7570,0.11383086
7580,0.11375874
7590,0.11370950
7600,0.11364660
7610,0.11360130
7620,0.11349620
7630,0.11348610
7640,0.11341536
7650,0.11332494
7660,0.11327340
7670,0.11320555
7680,0.11312980
7690,0.11306890
7700,0.11257180
7710,0.11256200
7720,0.11255410
7730,0.11255410
7740,0.11255410
7750,0.11255410
7760,0.11252725
7770,0.11251986
7780,0.11251986
7790,0.11251986
7800,0.11251690
7810,0.11251366
7820,0.11249090
7830,0.11247490
7840,0.11235900
7850,0.11235460
7860,0.11233496
7870,0.11231434
7880,0.11231434
7890,0.11231434
7900,0.11231136
7910,0.11229470
7920,0.11228500
7930,0.11220660
7940,0.11219495
7950,0.11217320
7960,0.11215937
7970,0.11211603
7980,0.11209990
7990,0.11208057
8000,0.11206465
8010,0.11205744
8020,0.11188215
8030,0.11186873
8040,0.11184227
8050,0.11182550
8060,0.11181490
8070,0.11177164
8080,0.11175465
8090,0.11173576
8100,0.11170727
8110,0.11170727
8120,0.11170727
8130,0.11169075
8140,0.11167746
8150,0.11160000
8160,0.11160000
8170,0.11160000
8180,0.11159420
8190,0.11158530
8200,0.11158530
8210,0.11158530
8220,0.11157417
8230,0.11152464
8240,0.11151695
8250,0.11150510
8260,0.11147150
8270,0.11147150
8280,0.11147080
8290,0.11146134
8300,0.11145410
8310,0.11145410
8320,0.11145410
8330,0.11145130
8340,0.11116826
8350,0.11112993
8360,0.11112445
8370,0.11112445
8380,0.11112445
8390,0.11112064
8400,0.11109050
8410,0.11108060
8420,0.11106455
8430,0.11105630
8440,0.11099535
8450,0.11097610
8460,0.11097610
8470,0.11097610
8480,0.11096817
8490,0.11091697
8500,0.11089260
8510,0.11087760
8520,0.11074840
8530,0.11074840
8540,0.11074840
8550,0.11074840
8560,0.11074310
8570,0.11072650
8580,0.11071974
8590,0.11068220
8600,0.11066740
8610,0.11063563
8620,0.11061950
8630,0.11060136
8640,0.11053310
8650,0.11053310
8660,0.11053310
8670,0.11052745
8680,0.11050610
8690,0.11049500
8700,0.11044794
8710,0.11042480
8720,0.11041766
8730,0.11039250
8740,0.11016000
8750,0.11012520
8760,0.11010520
8770,0.11008570
8780,0.11005496
8790,0.11005496
8800,0.11005085
8810,0.11003050
8820,0.11001956
8830,0.10994034
8840,0.10992974
8850,0.10990554
8860,0.10988414
8870,0.10984320
8880,0.10984320
8890,0.10984320
8900,0.10984320
8910,0.10983264
8920,0.10981020
8930,0.10981020
8940,0.10981020
8950,0.10981020
8960,0.10980250
8970,0.10978656
8980,0.10963280
8990,0.10961717
9000,0.10959830
9010,0.10958300
9020,0.10952990
9030,0.10951100
9040,0.10950460
9050,0.10949170
9060,0.10949170
9070,0.10949170
9080,0.10949170
9090,0.10948663
9100,0.10947980
9110,0.10940930
9120,0.10939410
9130,0.10938690
9140,0.10938113
9150,0.10938113
9160,0.10938113
9170,0.10937964
9180,0.10934287
9190,0.10934287
9200,0.10934100
9210,0.10933095
9220,0.10930347
9230,0.10927860
9240,0.10795813
9250,0.10795813
9260,0.10795813
9270,0.10795813
9280,0.10795813
9290,0.10795550
9300,0.10793050
9310,0.10791313
9320,0.10789835
9330,0.10783200
9340,0.10782194
9350,0.10779210
9360,0.10775320
9370,0.10775320
9380,0.10775320
9390,0.10775320
9400,0.10775320
9410,0.10774147
9420,0.10772025
9430,0.10770160
9440,0.10756814
9450,0.10756814
9460,0.10756814
9470,0.10756814
9480,0.10756814
9490,0.10756230
9500,0.10754394
9510,0.10753400
9520,0.10750610
9530,0.10750530
9540,0.10749655
9550,0.10748290
9560,0.10747410
9570,0.10740760
9580,0.10740760
9590,0.10740760
9600,0.10740760
9610,0.10740440
9620,0.10737633
9630,0.10736036
9640,0.10735070
9650,0.10730850
9660,0.10729480
9670,0.10727524
9680,0.10725190
9690,0.10704610
9700,0.10702365
9710,0.10701350
9720,0.10701350
9730,0.10701350
9740,0.10701350
9750,0.10700947
9760,0.10698520
9770,0.10696554
9780,0.10695460
9790,0.10694890
9800,0.10687994
9810,0.10687994
9820,0.10687860
9830,0.10687065
9840,0.10684514
9850,0.10683506
9860,0.10679890
9870,0.10679040
9880,0.10679040
9890,0.10679040
9900,0.10678833
9910,0.10676710
9920,0.10675173
9930,0.10663130
9940,0.10663130
9950,0.10663130
9960,0.10663130
9970,0.10663130
9980,0.10663130
9990,0.10663130
10000,0.10661900
10010,0.10661005
10020,0.10657570
10030,0.10656464
10040,0.10654090
10050,0.10652890
10060,0.10644480
10070,0.10643370
10080,0.10640910
10090,0.10638630
10100,0.10635030
10110,0.10634310
10120,0.10634310
10130,0.10634310
10140,0.10632510
10150,0.10629680
10160,0.10569160
10170,0.10567265
10180,0.10567265
10190,0.10566884
10200,0.10565700
10210,0.10565700
10220,0.10565537
10230,0.10564550
10240,0.10560065
10250,0.10559254
10260,0.10554933
10270,0.10553630
10280,0.10546460
10290,0.10546460
10300,0.10546460
10310,0.10546460
10320,0.10544160
10330,0.10542710
10340,0.10536813
10350,0.10536813
10360,0.10536200
10370,0.10534380
10380,0.10531353
10390,0.10529150
10400,0.10513675
10410,0.10510500
10420,0.10508250
10430,0.10504025
10440,0.10501480
10450,0.10499920
10460,0.10492140
10470,0.10488170
10480,0.10486360
10490,0.10480964
10500,0.10478144
10510,0.10474675
10520,0.10472780
10530,0.10463285
10540,0.10463285
10550,0.10463285
10560,0.10463285
10570,0.10462886
10580,0.10461910
10590,0.10458610
10600,0.10457676
10610,0.10456156
10620,0.10455036
10630,0.10448380
10640,0.10447204
10650,0.10444240
10660,0.10440550
10670,0.10439395
10680,0.10437270
10690,0.10436236
10700,0.10407670
10710,0.10406820
10720,0.10406490
10730,0.10406285
10740,0.10404380
10750,0.10402995
10760,0.10399126
10770,0.10397940
10780,0.10396600
10790,0.10396600
10800,0.10396600
10810,0.10396600
10820,0.10396070
10830,0.10390590
10840,0.10387280
10850,0.10387280
10860,0.10387280
10870,0.10387280
10880,0.10387280
10890,0.10386365
10900,0.10384190
10910,0.10383640
10920,0.10381450
10930,0.10375390
10940,0.10374140
10950,0.10373485
10960,0.10370206
10970,0.10369150
10980,0.10367660
10990,0.10367660
11000,0.10367580
11010,0.10351190
11020,0.10350626
11030,0.10350626
11040,0.10350626
11050,0.10350626
11060,0.10349840
11070,0.10347837
11080,0.10346660
11090,0.10343440
11100,0.10343440
11110,0.10343440
11120,0.10343440
11130,0.10343440
11140,0.10343090
11150,0.10341006
11160,0.10339784
11170,0.10339170
11180,0.10324990
11190,0.10321676
11200,0.10320043
11210,0.10314506
11220,0.10312813
11230,0.10311144
11240,0.10307854
11250,0.10305840
11260,0.10297120
11270,0.10297120
11280,0.10297120
11290,0.10296640
11300,0.10295440
11310,0.10292890
11320,0.10291033
11330,0.10283756
11340,0.10281413
11350,0.10279680
11360,0.10277783
11370,0.10273706
11380,0.10272710
11390,0.10269236
11400,0.10232840
11410,0.10221743
11420,0.10221743
11430,0.10221743
11440,0.10221534
11450,0.10219776
11460,0.10218470
11470,0.10215240
11480,0.10213935
11490,0.10211790
11500,0.10210080
11510,0.10202320
11520,0.10202320
11530,0.10202320
11540,0.10202320
11550,0.10202320
11560,0.10201900
11570,0.10199580
11580,0.10198980
11590,0.10197470
11600,0.10193574
11610,0.10193310
11620,0.10192410
11630,0.10190000
11640,0.10189150
11650,0.10187774
11660,0.10168373
11670,0.10167040
11680,0.10164960
11690,0.10162425
11700,0.10162090
11710,0.10161990
11720,0.10160030
11730,0.10153186
11740,0.10153186
11750,0.10153186
11760,0.10152600
11770,0.10150206
11780,0.10150060
11790,0.10149910
11800,0.10144650
11810,0.10142440
11820,0.10139167
11830,0.10135830
11840,0.10124750
11850,0.10124370
11860,0.10123413
11870,0.10123413
11880,0.10123413
11890,0.10123413
11900,0.10123413
11910,0.10122627
11920,0.10117375
11930,0.10115220
11940,0.10113495
11950,0.10106590
11960,0.10106590
11970,0.10106590
11980,0.10106340
11990,0.10105854
12000,0.10103710
12010,0.10099170
12020,0.10097040
12030,0.10094330
12040,0.10093020
12050,0.10059400
12060,0.10031163
12070,0.10029804
12080,0.10025220
12090,0.10023957
12100,0.10021480
12110,0.10016710
12120,0.10016710
12130,0.10016393
12140,0.10013920
12150,0.10012410
12160,0.10010850
12170,0.10010050
12180,0.09997680
12190,0.09996220
12200,0.09995350
12210,0.09991850
12220,0.09989050
12230,0.09979870
12240,0.09977805
12250,0.09976010
12260,0.09974810
12270,0.09970530
12280,0.09969145
12290,0.09965836
12300,0.09954243
12310,0.09946010
12320,0.09944790
12330,0.09941760
12340,0.09940410
12350,0.09934850
12360,0.09931750
12370,0.09930420
12380,0.09929820
12390,0.09925190
12400,0.09923640
12410,0.09922190
12420,0.09902360
12430,0.09898230
12440,0.09893256
12450,0.09890174
12460,0.09884023
12470,0.09880960
12480,0.09874206
12490,0.09873020
12500,0.09863250
12510,0.09860000
12520,0.09857110
12530,0.09854820
12540,0.09848080
12550,0.09843850
12560,0.09836673
12570,0.09833260
12580,0.09831130
12590,0.09818315
12600,0.09814465
12610,0.09812330
12620,0.09806870
12630,0.09805870
12640,0.09804460
12650,0.09798264
12660,0.09788280
12670,0.09785810
12680,0.09783730
12690,0.09780067
12700,0.09772604
12710,0.09767544
12720,0.09761350
12730,0.09757010
12740,0.09729490
12750,0.09729490
12760,0.09729490
12770,0.09729490
12780,0.09728780
12790,0.09726375
12800,0.09725720
12810,0.09723865
12820,0.09719320
12830,0.09717390
12840,0.09715950
12850,0.09712254
12860,0.09709040
12870,0.09696483
12880,0.09693926
12890,0.09690990
12900,0.09689056
12910,0.09688574
12920,0.09686994
12930,0.09686994
12940,0.09686994
12950,0.09685800
12960,0.09684854
12970,0.09676490
12980,0.09674537
12990,0.09671497
13000,0.09669740
13010,0.09664110
13020,0.09661190
13030,0.09657055
13040,0.09642827
13050,0.09624210
13060,0.09622330
13070,0.09617760
13080,0.09615250
13090,0.09612810
13100,0.09604996
13110,0.09603520
13120,0.09600440
13130,0.09595860
13140,0.09594680
13150,0.09592030
13160,0.09590210
13170,0.09577010
13180,0.09574150
13190,0.09567534
13200,0.09566090
13210,0.09564240
13220,0.09560817
13230,0.09553000
13240,0.09551830
13250,0.09549146
13260,0.09545960
13270,0.09542500
13280,0.09538660
13290,0.09536180
13300,0.09516700
13310,0.09516560
13320,0.09516125
13330,0.09514623
13340,0.09511774
13350,0.09510695
13360,0.09508883
13370,0.09503930
13380,0.09501710
13390,0.09499543
13400,0.09495620
13410,0.09494286
13420,0.09493740
13430,0.09490170
13440,0.09476554
13450,0.09474000
13460,0.09470856
13470,0.09468470
13480,0.09464144
13490,0.09462475
13500,0.09460370
13510,0.09457194
13520,0.09454536
13530,0.09447420
13540,0.09446114
13550,0.09443910
13560,0.09441580
13570,0.09435320
13580,0.09433620
13590,0.09429710
13600,0.09393155
13610,0.09386470
13620,0.09382396
13630,0.09372440
13640,0.09364460
13650,0.09356033
13660,0.09344285
13670,0.09337294
13680,0.09329990
13690,0.09317475
13700,0.09313030
13710,0.09306925
13720,0.09302824
13730,0.09292460
13740,0.09289550
13750,0.09286770
13760,0.09278690
13770,0.09270390
13780,0.09264570
13790,0.09244990
13800,0.09242020
13810,0.09235610
13820,0.09222406
13830,0.09220240
13840,0.09217630
13850,0.09214580
13860,0.09213160
13870,0.09212326
13880,0.09206060
13890,0.09205424
13900,0.09203280
13910,0.09200220
13920,0.09197443
13930,0.09180980
13940,0.09178954
13950,0.09178020
13960,0.09175160
13970,0.09172430
13980,0.09164845
13990,0.09162090
14000,0.09160655
14010,0.09152880
14020,0.09147830
14030,0.09142020
14040,0.09136120
14050,0.09118970
14060,0.09111803
14070,0.09107030
14080,0.09098200
14090,0.09096840
14100,0.09089446
14110,0.09083855
14120,0.09070400
14130,0.09069263
14140,0.09064740
14150,0.09061944
14160,0.09059506
14170,0.09050834
14180,0.09049400
14190,0.09044070
14200,0.09034640
14210,0.09030050
14220,0.09022915
14230,0.09017970
14240,0.08973770
14250,0.08973294
14260,0.08973294
14270,0.08971720
14280,0.08970590
14290,0.08967160
14300,0.08965890
14310,0.08965890
14320,0.08965690
14330,0.08964663
14340,0.08962196
14350,0.08951770
14360,0.08948790
14370,0.08948296
14380,0.08948296
14390,0.08948090
14400,0.08945730
14410,0.08941495
14420,0.08938410
14430,0.08936830
14440,0.08927994
14450,0.08923860
14460,0.08920186
14470,0.08914990
14480,0.08913564
14490,0.08910953
14500,0.08909064
14510,0.08891570
14520,0.08890420
14530,0.08887374
14540,0.08885590
14550,0.08880390
14560,0.08880390
14570,0.08880390
14580,0.08880390
14590,0.08880210
14600,0.08878960
14610,0.08875757
14620,0.08874696
14630,0.08867317
14640,0.08859410
14650,0.08856390
14660,0.08850820
14670,0.08850110
14680,0.08847310
14690,0.08846575
14700,0.08838134
14710,0.08834826
14720,0.08831650
14730,0.08829940
14740,0.08825310
14750,0.08825310
14760,0.08824175
14770,0.08821320
14780,0.08819680
14790,0.08818480
14800,0.08788496
14810,0.08787494
14820,0.08785754
14830,0.08782590
14840,0.08781540
14850,0.08779690
14860,0.08778715
14870,0.08765065
14880,0.08763360
14890,0.08761590
14900,0.08756494
14910,0.08752170
14920,0.08750176
14930,0.08740967
14940,0.08736260
14950,0.08732473
14960,0.08726450
14970,0.08721840
14980,0.08719620
14990,0.08704984
15000,0.08702880
15010,0.08698380
15020,0.08696365
15030,0.08693957
15040,0.08687186
15050,0.08684265
15060,0.08681790
15070,0.08677440
15080,0.08670413
15090,0.08666670
15100,0.08657073
15110,0.08657073
15120,0.08657073
15130,0.08657073
15140,0.08656460
15150,0.08653986
15160,0.08652657
15170,0.08645266
15180,0.08643130
15190,0.08638580
15200,0.08636987
15210,0.08634537
15220,0.08607846
15230,0.08603750
15240,0.08597916
15250,0.08594070
15260,0.08584300
15270,0.08581525
15280,0.08576315
15290,0.08568054
15300,0.08566470
15310,0.08562960
15320,0.08559330
15330,0.08552460
15340,0.08548486
15350,0.08539720
15360,0.08530455
15370,0.08528050
15380,0.08522330
15390,0.08514950
15400,0.08511880
15410,0.08509650
15420,0.08504277
15430,0.08501000
15440,0.08499395
15450,0.08486680
15460,0.08485347
15470,0.08477510
15480,0.08474710
15490,0.08472010
15500,0.08466270
15510,0.08461000
15520,0.08450380
15530,0.08448165
15540,0.08444130
15550,0.08439740
15560,0.08433620
15570,0.08432830
15580,0.08430060
15590,0.08426360
15600,0.08423580
15610,0.08396875
15620,0.08393317
15630,0.08390870
15640,0.08384200
15650,0.08378050
15660,0.08376574
15670,0.08366740
15680,0.08361506
15690,0.08354320
15700,0.08348560
15710,0.08340300
15720,0.08333760
15730,0.08329176
15740,0.08311900
15750,0.08309984
15760,0.08302470
15770,0.08300274
15780,0.08296280
15790,0.08288270
15800,0.08280060
15810,0.08273720
15820,0.08264580
15830,0.08255547
15840,0.08252950
15850,0.08250206
15860,0.08241710
15870,0.08236163
15880,0.08234130
15890,0.08231030
15900,0.08217600
15910,0.08213280
15920,0.08206950
15930,0.08202000
15940,0.08193004
15950,0.08184605
15960,0.08179460
15970,0.08174794
15980,0.08150950
15990,0.08145767
16000,0.08141890
16010,0.08132920
16020,0.08130780
16030,0.08126050
16040,0.08123460
16050,0.08107940
16060,0.08103480
16070,0.08097710
16080,0.08091260
16090,0.08083380
16100,0.08075540
16110,0.08067370
16120,0.08059500
16130,0.08050376
16140,0.08044140
16150,0.08038960
16160,0.08028630
16170,0.08023440
16180,0.08014667
16190,0.08008770
16200,0.08001490
16210,0.07986920
16220,0.07985043
16230,0.07981400
16240,0.07978010
16250,0.07968490
16260,0.07962060
16270,0.07955205
16280,0.07942670
16290,0.07935090
16300,0.07929220
16310,0.07922520
16320,0.07914763
16330,0.07909020
16340,0.07845175
16350,0.07840900
16360,0.07839715
16370,0.07837680
16380,0.07837680
16390,0.07837680
16400,0.07837680
16410,0.07837310
16420,0.07835936
16430,0.07829120
16440,0.07826990
16450,0.07822760
16460,0.07822000
16470,0.07820960
16480,0.07818263
16490,0.07805260
16500,0.07803540
16510,0.07801980
16520,0.07797557
16530,0.07796955
16540,0.07795920
16550,0.07793676
16560,0.07792680
16570,0.07783040
16580,0.07783040
16590,0.07783040
16600,0.07783040
16610,0.07783040
16620,0.07782524
16630,0.07781890
16640,0.07778924
16650,0.07776737
16660,0.07775380
16670,0.07768290
16680,0.07766810
16690,0.07762380
16700,0.07757407
16710,0.07752040
16720,0.07710885
16730,0.07708555
16740,0.07703640
16750,0.07700085
16760,0.07698520
16770,0.07689350
16780,0.07687880
16790,0.07683570
16800,0.07681274
16810,0.07672460
16820,0.07666790
16830,0.07665115
16840,0.07661890
16850,0.07646570
16860,0.07641330
16870,0.07637000
16880,0.07628070
16890,0.07622270
16900,0.07618140
16910,0.07610344
16920,0.07609003
16930,0.07605240
16940,0.07601540
16950,0.07585936
16960,0.07584280
16970,0.07578724
16980,0.07570810
16990,0.07569515
17000,0.07565850
17010,0.07561090
17020,0.07556690
17030,0.07542604
17040,0.07539020
17050,0.07533067
17060,0.07528805
17070,0.07516884
17080,0.07508910
17090,0.07500200
17100,0.07488185
17110,0.07485450
17120,0.07480007
17130,0.07475346
17140,0.07473370
17150,0.07462430
17160,0.07455307
17170,0.07452500
17180,0.07449080
17190,0.07444590
17200,0.07420870
17210,0.07417400
17220,0.07415604
17230,0.07411690
17240,0.07405227
17250,0.07404410
17260,0.07398170
17270,0.07394623
17280,0.07383805
17290,0.07381220
17300,0.07375230
17310,0.07371824
17320,0.07370215
17330,0.07359220
17340,0.07352566
17350,0.07347430
17360,0.07340270
17370,0.07335550
17380,0.07331020
17390,0.07322394
17400,0.07307165
17410,0.07305520
17420,0.07299065
17430,0.07289620
17440,0.07282900
17450,0.07273600
17460,0.07266324
17470,0.07260996
17480,0.07255953
17490,0.07242840
17500,0.07237815
17510,0.07228904
17520,0.07223707
17530,0.07210880
17540,0.07205086
17550,0.07198810
17560,0.07194440
17570,0.07190877
17580,0.07183520
17590,0.07179340
17600,0.07173480
17610,0.07169120
17620,0.07153250
17630,0.07150520
17640,0.07145520
17650,0.07137095
17660,0.07133810
17670,0.07125395
17680,0.07122360
17690,0.07108630
17700,0.07102394
17710,0.07098230
17720,0.07092994
17730,0.07085660
17740,0.07076750
17750,0.07062380
17760,0.07059800
17770,0.07054144
17780,0.07050544
17790,0.07044917
17800,0.07035040
17810,0.07029370
17820,0.07020710
17830,0.07011170
17840,0.06981456
17850,0.06973860
17860,0.06971937
17870,0.06970655
17880,0.06965386
17890,0.06963250
17900,0.06956064
17910,0.06951140
17920,0.06940740
17930,0.06937830
17940,0.06932590
17950,0.06927900
17960,0.06925400
17970,0.06916993
17980,0.06912547
17990,0.06905390
18000,0.06901860
18010,0.06895190
18020,0.06876300
18030,0.06873630
18040,0.06870776
18050,0.06867974
18060,0.06863397
18070,0.06859916
18080,0.06850516
18090,0.06845617
18100,0.06844470
18110,0.06842400
18120,0.06836130
18130,0.06831455
18140,0.06827104
18150,0.06815147
18160,0.06809950
18170,0.06807300
18180,0.06805520
18190,0.06800720
18200,0.06796026
18210,0.06793373
18220,0.06779587
18230,0.06775620
18240,0.06766605
18250,0.06761820
18260,0.06755673
18270,0.06742010
18280,0.06733703
18290,0.06726855
18300,0.06714090
18310,0.06708055
18320,0.06701487
18330,0.06677540
18340,0.06657150
18350,0.06649166
18360,0.06642913
18370,0.06626390
18380,0.06617600
18390,0.06611466
18400,0.06602954
18410,0.06597790
18420,0.06588780
18430,0.06576800
18440,0.06571320
18450,0.06568330
18460,0.06559800
18470,0.06551800
18480,0.06538000
18490,0.06532540
18500,0.06528156
18510,0.06520307
18520,0.06519573
18530,0.06516590
18540,0.06508880
18550,0.06502180
18560,0.06492537
18570,0.06488406
18580,0.06481164
18590,0.06477546
18600,0.06470150
18610,0.06446707
18620,0.06440420
18630,0.06433415
18640,0.06426936
18650,0.06421476
18660,0.06412845
18670,0.06408745
18680,0.06390780
18690,0.06383436
18700,0.06374290
18710,0.06367390
18720,0.06356670
18730,0.06351450
18740,0.06342920
18750,0.06333280
18760,0.06323117
18770,0.06313930
18780,0.06303495
18790,0.06293720
18800,0.06278634
18810,0.06272440
18820,0.06263380
18830,0.06256900
18840,0.06245930
18850,0.06236916
18860,0.06227340
18870,0.06219685
18880,0.06209963
18890,0.06198120
18900,0.06191295
18910,0.06182240
18920,0.06175500
18930,0.06160116
18940,0.06155200
18950,0.06148350
18960,0.06143380
18970,0.06139960
18980,0.06139150
18990,0.06127494
19000,0.06124967
19010,0.06122330
19020,0.06113090
19030,0.06104826
19040,0.06093690
19050,0.06089580
19060,0.06084880
19070,0.06078820
19080,0.06070960
19090,0.06067870
19100,0.06060590
19110,0.06054360
19120,0.06023420
19130,0.06019720
19140,0.06011104
19150,0.06005376
19160,0.05995726
19170,0.05990280
19180,0.05982260
19190,0.05977230
19200,0.05965970
19210,0.05959880
19220,0.05951404
19230,0.05943644
19240,0.05937993
19250,0.05927140
19260,0.05919110
19270,0.05904155
19280,0.05903524
19290,0.05897340
19300,0.05886700
19310,0.05882340
19320,0.05875504
19330,0.05869170
19340,0.05852350
19350,0.05845147
19360,0.05841654
19370,0.05838847
19380,0.05827530
19390,0.05819380
19400,0.05812210
19410,0.05799250
19420,0.05789375
19430,0.05782390
19440,0.05771404
19450,0.05765616
19460,0.05754310
19470,0.05746173
19480,0.05735320
19490,0.05732050
19500,0.05712700
19510,0.05708240
19520,0.05701740
19530,0.05695486
19540,0.05689480
19550,0.05683890
19560,0.05674546
19570,0.05671334
19580,0.05669030
19590,0.05663850
19600,0.05660520
19610,0.05658096
19620,0.05642676
19630,0.05641840
19640,0.05636835
19650,0.05635136
19660,0.05625940
19670,0.05622410
19680,0.05617415
19690,0.05612620
19700,0.05602610
19710,0.05595415
19720,0.05590790
19730,0.05588020
19740,0.05578030
19750,0.05568724
19760,0.05562040
19770,0.05550680
19780,0.05545530
19790,0.05542600
19800,0.05536997
19810,0.05532604
19820,0.05527200
19830,0.05479150
19840,0.05479150
19850,0.05479150
19860,0.05479150
19870,0.05479150
19880,0.05478775
19890,0.05478390
19900,0.05476200
19910,0.05475240
19920,0.05475240
19930,0.05475180
19940,0.05469435
19950,0.05469435
19960,0.05468930
19970,0.05467220
19980,0.05465847
19990,0.05463105
20000,0.05463105
20010,0.05463105
20020,0.05463105
20030,0.05462640
20040,0.05461160
20050,0.05461160
20060,0.05460580
20070,0.05448853
20080,0.05445960
20090,0.05445960
20100,0.05445075
20110,0.05442850
20120,0.05439750
20130,0.05439750
20140,0.05439750
20150,0.05439750
20160,0.05438930
20170,0.05438260
20180,0.05436400
20190,0.05435300
20200,0.05425775
20210,0.05425775
20220,0.05425775
20230,0.05425775
20240,0.05425490
20250,0.05424340
20260,0.05423456
20270,0.05420980
20280,0.05419474
20290,0.05418250
20300,0.05414470
20310,0.05414470
20320,0.05414470
20330,0.05414470
20340,0.05414470
20350,0.05413660
20360,0.05411624
20370,0.05409950
20380,0.05408614
20390,0.05374590
20400,0.05373070
20410,0.05372494
20420,0.05372494
20430,0.05372494
20440,0.05372280
20450,0.05370473
20460,0.05369955
20470,0.05368860
20480,0.05362755
20490,0.05359697
20500,0.05356810
20510,0.05356550
20520,0.05356440
20530,0.05354700
20540,0.05352985
20550,0.05341670
20560,0.05341670
20570,0.05341670
20580,0.05341670
20590,0.05341670
20600,0.05341670
20610,0.05340450
20620,0.05338275
20630,0.05337125
20640,0.05337125
20650,0.05337125
20660,0.05337125
20670,0.05329495
20680,0.05329495
20690,0.05329495
20700,0.05329495
20710,0.05329495
20720,0.05329040
20730,0.05326760
20740,0.05326145
20750,0.05324630
20760,0.05321130
20770,0.05320030
20780,0.05318290
20790,0.05317110
20800,0.05315303
20810,0.05295370
20820,0.05293416
20830,0.05293416
20840,0.05293416
20850,0.05292737
20860,0.05291350
20870,0.05290560
20880,0.05287504
20890,0.05286220
20900,0.05283220
20910,0.05276270
20920,0.05275180
20930,0.05273510
20940,0.05272460
20950,0.05266594
20960,0.05263510
20970,0.05261300
20980,0.05251306
20990,0.05251306
21000,0.05251306
21010,0.05251306
21020,0.05251306
21030,0.05250830
21040,0.05250114
21050,0.05247620
21060,0.05246050
21070,0.05244890
21080,0.05237990
21090,0.05236870
21100,0.05236870
21110,0.05236870
21120,0.05235000
21130,0.05233645
21140,0.05229180
21150,0.05228346
21160,0.05228180
21170,0.05226440
21180,0.05225170
21190,0.05224466
21200,0.04093873
21210,0.04091554
21220,0.04085570
21230,0.04083750
21240,0.04072105
21250,0.04060500
21260,0.04052730
21270,0.04046150
21280,0.04034150
21290,0.04015064
21300,0.04002190
21310,0.03993284
21320,0.03986567
21330,0.03941860
21340,0.03924870
21350,0.03912293
21360,0.03912210
21370,0.03911100
21380,0.03907110
21390,0.03902447
21400,0.03902083
21410,0.03899276
21420,0.03891120
21430,0.03890870
21440,0.03890705
21450,0.03890010
21460,0.03888380
21470,0.03886765
21480,0.03882290
21490,0.03881090
21500,0.03880600
21510,0.03878540
21520,0.03878530
21530,0.03877160
21540,0.03860634
21550,0.03856820
21560,0.03856176
21570,0.03847926
21580,0.03839720
21590,0.03837980
21600,0.03824603
21610,0.03815600
21620,0.03806600
21630,0.03799030
21640,0.03791930
21650,0.03785700
21660,0.03774404
21670,0.03760740
21680,0.03757740
21690,0.03755575
21700,0.03755270
21710,0.03752994
21720,0.03751140
21730,0.03749173
21740,0.03748150
21750,0.03741920
21760,0.03740920
21770,0.03739090
21780,0.03738874
21790,0.03737646
21800,0.03733360
21810,0.03731860
21820,0.03729176
21830,0.03728900
21840,0.03714203
21850,0.03698873
21860,0.03684276
21870,0.03530126
21880,0.03522130
21890,0.03512660
21900,0.03505045
21910,0.03495020
21920,0.03488010
21930,0.03480990
21940,0.03466410
21950,0.03455406
21960,0.03448116
21970,0.03436920
21980,0.03427510
21990,0.03417104
22000,0.03386940
22010,0.03385960
22020,0.03385030
22030,0.03384476
22040,0.03381997
22050,0.03381335
22060,0.03380244
22070,0.03379726
22080,0.03378770
22090,0.03373730
22100,0.03373460
22110,0.03373384
22120,0.03371906
22130,0.03369120
22140,0.03367340
22150,0.03365236
22160,0.03357840
22170,0.03351500
22180,0.03350030
22190,0.03349300
22200,0.03345080
22210,0.03344000
22220,0.03343690
22230,0.03341580
22240,0.03341376
22250,0.03340250
22260,0.03331375
22270,0.03330530
22280,0.03329640
22290,0.03327643
22300,0.03326220
22310,0.03326220
22320,0.03324127
22330,0.03318450
22340,0.03316515
22350,0.03316510
22360,0.03315980
22370,0.03313460
22380,0.03312430
22390,0.03296980
22400,0.03283390
22410,0.03276200
22420,0.03266483
22430,0.03258824
22440,0.03249275
22450,0.03236764
22460,0.03224754
22470,0.03212940
22480,0.03203420
22490,0.03193430
22500,0.03184960
22510,0.03175956
22520,0.03172755
22530,0.03155463
22540,0.03154706
22550,0.03153663
22560,0.03152924
22570,0.03149620
22580,0.03145590
22590,0.03145560
22600,0.03140630
22610,0.03128540
22620,0.03122323
22630,0.03110690
22640,0.03097920
22650,0.03093590
22660,0.03082406
22670,0.03076350
22680,0.03067830
22690,0.03057560
22700,0.03045790
22710,0.03037106
22720,0.03019220
22730,0.03014504
22740,0.03004660
22750,0.03001070
22760,0.02998700
22770,0.02993077
22780,0.02991324
22790,0.02990114
22800,0.02982200
22810,0.02976180
22820,0.02962446
22830,0.02951896
22840,0.02939784
22850,0.02929640
22860,0.02918803
22870,0.02906996
22880,0.02900720
22890,0.02893590
22900,0.02887150
22910,0.02882290
22920,0.02818620
22930,0.02809750
22940,0.02803610
22950,0.02802210
22960,0.02797290
22970,0.02796320
22980,0.02793600
22990,0.02781690
23000,0.02776175
23010,0.02775365
23020,0.02768045
23030,0.02763200
23040,0.02758490
23050,0.02749090
23060,0.02746730
23070,0.02745370
23080,0.02739757
23090,0.02736484
23100,0.02730596
23110,0.02718090
23120,0.02715260
23130,0.02714090
23140,0.02710700
23150,0.02707517
23160,0.02706205
23170,0.02694930
23180,0.02694000
23190,0.02689390
23200,0.02686670
23210,0.02678817
23220,0.02675020
23230,0.02672650
23240,0.02666485
23250,0.02663934
23260,0.02659510
23270,0.02642540
23280,0.02631570
23290,0.02627193
23300,0.02625036
23310,0.02619710
23320,0.02615326
23330,0.02603214
23340,0.02598756
23350,0.02588850
23360,0.02579810
23370,0.02573865
23380,0.02563184
23390,0.02554476
23400,0.02545773
23410,0.02536540
23420,0.02519330
23430,0.02510845
23440,0.02499824
23450,0.02489950
23460,0.02478590
23470,0.02467346
23480,0.02457260
23490,0.02444140
23500,0.02435106
23510,0.02425960
23520,0.02416485
23530,0.02404880
23540,0.02398750
23550,0.02392210
23560,0.02382946
23570,0.02375030
23580,0.02360350
23590,0.02339375
23600,0.02336984
23610,0.02333190
23620,0.02327567
23630,0.02320280
23640,0.02317315
23650,0.02313150
23660,0.02310836
23670,0.02308046
23680,0.02295124
23690,0.02290460
23700,0.02284300
23710,0.02276140
23720,0.02266675
23730,0.02261865
23740,0.02255320
23750,0.02251446
23760,0.02246450
23770,0.02242475
23780,0.02231913
23790,0.02226330
23800,0.02221380
23810,0.02218980
23820,0.02210720
23830,0.02206313
23840,0.02199960
23850,0.02193623
23860,0.02185976
23870,0.02168410
23880,0.02160114
23890,0.02150810
23900,0.02144420
23910,0.02133494
23920,0.02131015
23930,0.02125760
23940,0.02117580
23950,0.02107596
23960,0.02098780
23970,0.02085590
23980,0.02081435
23990,0.02074570
24000,0.02069425
24010,0.02056760
24020,0.02050596
24030,0.02042776
24040,0.02037820
24050,0.02027606
24060,0.02015860
24070,0.02005660
24080,0.01994305
24090,0.01974225
24100,0.01974046
24110,0.01972310
24120,0.01971983
24130,0.01968700
24140,0.01965030
24150,0.01959085
24160,0.01958150
24170,0.01957786
24180,0.01956945
24190,0.01954720
24200,0.01950420
24210,0.01949590
24220,0.01935460
24230,0.01932686
24240,0.01932257
24250,0.01929247
24260,0.01926124
24270,0.01924073
24280,0.01918020
24290,0.01917314
24300,0.01914150
24310,0.01909350
24320,0.01905510
24330,0.01895660
24340,0.01891607
24350,0.01887380
24360,0.01884770
24370,0.01883333
24380,0.01875910
24390,0.01874500
24400,0.01870304
24410,0.01865020
24420,0.01859945
24430,0.01854730
24440,0.01853020
24450,0.01833266
24460,0.01805233
24470,0.01803620
24480,0.01801560
24490,0.01800960
24500,0.01799180
24510,0.01798564
24520,0.01798075
24530,0.01789534
24540,0.01785870
24550,0.01782070
24560,0.01780897
24570,0.01778644
24580,0.01766103
24590,0.01764976
24600,0.01764130
24610,0.01762664
24620,0.01761630
24630,0.01761340
24640,0.01756140
24650,0.01752656
24660,0.01751923
24670,0.01750296
24680,0.01741220
24690,0.01740870
24700,0.01739865
24710,0.01737220
24720,0.01736456
24730,0.01730287
24740,0.01729690
24750,0.01727870
24760,0.01724810
24770,0.01724610
24780,0.01722320
24790,0.01706260
24800,0.01706260
24810,0.01706260
24820,0.01705420
24830,0.01704937
24840,0.01701354
24850,0.01699380
24860,0.01698005
24870,0.01689890
24880,0.01687735
24890,0.01682704
24900,0.01679766
24910,0.01670230
24920,0.01662980
24930,0.01661630
24940,0.01658910
24950,0.01653790
24960,0.01653550
24970,0.01652460
24980,0.01650280
24990,0.01648010
25000,0.01642290
25010,0.01635855
25020,0.01634660
25030,0.01629500
25040,0.01626515
25050,0.01625190
25060,0.01617425
25070,0.01612950
25080,0.01610606
25090,0.01605960
25100,0.01603340
25110,0.01600754
25120,0.01561903
25130,0.01558285
25140,0.01556510
25150,0.01549650
25160,0.01546570
25170,0.01537110
25180,0.01531684
25190,0.01527510
25200,0.01523770
25210,0.01520360
25220,0.01516616
25230,0.01512040
25240,0.01499176
25250,0.01496250
25260,0.01489220
25270,0.01485460
25280,0.01480450
25290,0.01475920
25300,0.01465460
25310,0.01461630
25320,0.01451486
25330,0.01445627
25340,0.01438987
25350,0.01429610
25360,0.01423950
25370,0.01416635
25380,0.01399475
25390,0.01392260
25400,0.01385600
25410,0.01377770
25420,0.01367497
25430,0.01360225
25440,0.01354444
25450,0.01350400
25460,0.01341380
25470,0.01336956
25480,0.01330375
25490,0.01324313
25500,0.01319210
25510,0.01307100
25520,0.01306720
25530,0.01303230
25540,0.01299107
25550,0.01296630
25560,0.01289520
25570,0.01288150
25580,0.01285904
25590,0.01282090
25600,0.01279540
25610,0.01265310
25620,0.01246060
25630,0.01241976
25640,0.01236000
25650,0.01231527
25660,0.01224654
25670,0.01221567
25680,0.01221030
25690,0.01218694
25700,0.01213550
25710,0.01211744
25720,0.01211310
25730,0.01207894
25740,0.01205265
25750,0.01193004
25760,0.01189774
25770,0.01188070
25780,0.01182740
25790,0.01180690
25800,0.01176990
25810,0.01174740
25820,0.01165336
25830,0.01159420
25840,0.01156350
25850,0.01150300
25860,0.01145770
25870,0.01143290
25880,0.01113885
25890,0.01105620
25900,0.01098680
25910,0.01096050
25920,0.01093540
25930,0.01091590
25940,0.01082200
25950,0.01077014
25960,0.01073620
25970,0.01067346
25980,0.01065117
25990,0.01061330
26000,0.01058730
26010,0.01043623
26020,0.01039980
26030,0.01034340
26040,0.01026284
26050,0.01019360
26060,0.01011950
26070,0.00997770
26080,0.00990587
26090,0.00987310
26100,0.00983834
26110,0.00977400
26120,0.00970880
26130,0.00957680
26140,0.00950795
26150,0.00945365
26160,0.00938210
26170,0.00929296
26180,0.00924855
26190,0.00916580
26200,0.00908356
26210,0.00898810
26220,0.00884413
26230,0.00871634
26240,0.00865745
26250,0.00858100
26260,0.00850790
26270,0.00846785
26280,0.00836867
26290,0.00832194
26300,0.00829160
26310,0.00818026
26320,0.00812196
26330,0.00805850
26340,0.00801026
26350,0.00795227
26360,0.00788530
26370,0.00784957
26380,0.00781230
26390,0.00767170
26400,0.00761540
26410,0.00758420
26420,0.00753660
26430,0.00747600
26440,0.00746780
26450,0.00742370
26460,0.00730610
26470,0.00727990
26480,0.00724370
26490,0.00718290
26500,0.00710170
26510,0.00703470
26520,0.00693255
26530,0.00686967
26540,0.00679980
26550,0.00657170
26560,0.00654333
26570,0.00653780
26580,0.00651955
26590,0.00646870
26600,0.00643134
26610,0.00640904
26620,0.00633100
26630,0.00630897
26640,0.00626860
26650,0.00624364
26660,0.00614297
26670,0.00610150
26680,0.00607806
26690,0.00601196
26700,0.00594190
26710,0.00589996
26720,0.00567233
26730,0.00561590
26740,0.00559574
26750,0.00555320
26760,0.00551164
26770,0.00540030
26780,0.00535976
26790,0.00530135
26800,0.00525560
26810,0.00519555
26820,0.00510450
26830,0.00504850
26840,0.00495940
26850,0.00490415
26860,0.00478560
26870,0.00475430
26880,0.00471420
26890,0.00466770
26900,0.00454330
26910,0.00448274
26920,0.00437210
26930,0.00427360
26940,0.00419270
26950,0.00408050
26960,0.00398890
26970,0.00390505
26980,0.00385390
26990,0.00377890
27000,0.00372296
27010,0.00362590
27020,0.00358170
27030,0.00336974
27040,0.00334990
27050,0.00328993
27060,0.00324887
27070,0.00318200
27080,0.00315100
27090,0.00308920
27100,0.00302860
27110,0.00296230
27120,0.00286510
27130,0.00281860
27140,0.00279120
27150,0.00270610
27160,0.00262194
27170,0.00256067
27180,0.00254356
27190,0.00249520
27200,0.00227844
27210,0.00222970
27220,0.00216424
27230,0.00210410
27240,0.00202380
27250,0.00197035
27260,0.00185760
27270,0.00175600
27280,0.00166290
27290,0.00157100
27300,0.00145554
27310,0.00134855
27320,0.00129030
27330,0.00121444
27340,0.00114405
27350,0.00097286
27360,0.00088673
27370,0.00084406
27380,0.00081050
27390,0.00072180
27400,0.00066810
27401,0.00066720
27402,0.00066620
27403,0.00066580
27404,0.00066530
27405,0.00065950
27406,0.00065606
27407,0.00063180
27408,0.00061920
27409,0.00061404
27410,0.00061240
27411,0.00061170
27412,0.00060810
27413,0.00060665
27414,0.00060605
27415,0.00060534
27416,0.00060510
27417,0.00060313
27418,0.00060260
27419,0.00060224
27420,0.00059485
27421,0.00059110
27422,0.00058686
27423,0.00056790
27424,0.00055510
27425,0.00054940
27426,0.00054615
27427,0.00054420
27428,0.00053670
27429,0.00053320
27430,0.00052905
27431,0.00052610
27432,0.00051206
27433,0.00050430
27434,0.00050070
27435,0.00049560
27436,0.00049290
27437,0.00049220
27438,0.00048357
27439,0.00047874
27440,0.00043360
27441,0.00040560
27442,0.00038890
27443,0.00038015
27444,0.00037610
27445,0.00037354
27446,0.00037260
27447,0.00036764
27448,0.00036530
27449,0.00036290
27450,0.00035260
27451,0.00034780
27452,0.00034530
27453,0.00033940
27454,0.00033660
27455,0.00033520
27456,0.00033480
27457,0.00033450
27458,0.00033430
27459,0.00033140
27460,0.00031320
27461,0.00030267
27462,0.00029750
27463,0.00029486
27464,0.00029355
27465,0.00028634
27466,0.00028300
27467,0.00027894
27468,0.00026720
27469,0.00026270
27470,0.00026060
27471,0.00025933
27472,0.00025683
27473,0.00025606
27474,0.00025500
27475,0.00024740
27476,0.00024390
27477,0.00023984
27478,0.00023780
27479,0.00020605
27480,0.00018580
27481,0.00017360
27482,0.00016770
27483,0.00016470
27484,0.00016060
27485,0.00015306
27486,0.00014960
27487,0.00014790
27488,0.00014300
27489,0.00013035
27490,0.00012390
27491,0.00012130
27492,0.00011620
27493,0.00010824
27494,0.00010370
27495,0.00009920
27496,0.00009650
27497,0.00007253
27498,0.00006014
27499,0.00005424
27500,0.00005160
27501,0.00005110
27502,0.00005114
27503,0.00005066
27504,0.00005036
27505,0.00005040
27506,0.00004770
27507,0.00004637
27508,0.00004607
27509,0.00004570
27510,0.00003940
27511,0.00003570
27512,0.00003397
27513,0.00003325
27514,0.00002056
27515,0.00001394
27516,0.00000970
27517,0.00000480
27518,0.00000240
27519,0.00000125
27520,0.00000000
